{
  "基础指标": {
    "initial_value": 1000000,
    "final_value": 1392444.3094,
    "total_return": 0.39997899635840084,
    "annual_return": 0.11992710547070518,
    "max_drawdown": -0.14234319499637946
  },
  "交易指标": {
    "total_trades": 7,
    "buy_trades": 6,
    "sell_trades": 1,
    "total_cost": 449.69059999999996,
    "cost_ratio": 0.0004496906
  },
  "生成时间": "2025-07-26T14:15:31.236292"
}